"TRECHO","ALCALINO","dfs","alt","slo","flo","pH","har","pho","nit","amm","oxy","bdo"
"Baixo",FALSE,3472.25,222.5,1.982,4317.5,78.75,97.25,157.5,325.5,57.5,70.75,84.75
"Medio",FALSE,1324,477,2.833,2000,79,86,4,50,0,122,30
"Alto",FALSE,439,799,4.75933333333333,456.666666666667,78.3333333333333,62.3333333333333,9,36.6666666666667,0.333333333333333,108,41
"Baixo",TRUE,3402.28571428571,228.571428571429,1.98657142857143,3786.57142857143,81.1428571428571,95.5714285714286,92.4285714285714,274.571428571429,39.7142857142857,77.7142857142857,73.5714285714286
"Medio",TRUE,1754.625,393.375,2.5015,2206.25,81.5,91.5,31.625,165.625,7.5,111.625,30.5
"Alto",TRUE,284,847.714285714286,3.39642857142857,258.142857142857,80.8571428571429,74.2857142857143,16,36.1428571428571,8.42857142857143,93,40.5714285714286
